5.182.39.25, Honeynet, 2021-03-02
115.159.102.123, Honeynet, 2021-03-02
194.147.140.23, Honeynet, 2021-03-02
209.17.97.114, Honeynet, 2021-03-02
49.233.5.253, Honeynet, 2021-03-02
51.68.122.155, Honeynet, 2021-03-02
81.169.240.192, Honeynet, 2021-03-02
209.141.47.230, Honeynet, 2021-03-02
194.147.140.48, Honeynet, 2021-03-02
52.14.249.179, Honeynet, 2021-03-02
79.137.72.171, Honeynet, 2021-03-02
60.16.16.223, Honeynet, 2021-03-02
185.236.11.8, Honeynet, 2021-03-02
213.202.233.45, Honeynet, 2021-03-02
192.241.226.69, Honeynet, 2021-03-02
194.147.140.25, Honeynet, 2021-03-02
172.31.46.139, Honeynet, 2021-03-02
51.77.146.156, Honeynet, 2021-03-02
47.101.41.136, Honeynet, 2021-03-02
185.86.15.51, Honeynet, 2021-03-02
205.185.122.102, Honeynet, 2021-03-02
176.58.123.25, Honeynet, 2021-03-02
54.225.155.255, Honeynet, 2021-03-02
45.134.26.7, Honeynet, 2021-03-02
204.48.17.169, Honeynet, 2021-03-02
85.191.214.236, Honeynet, 2021-03-02
45.135.232.109, Honeynet, 2021-03-02
154.29.131.145, Honeynet, 2021-03-02
172.245.88.209, Honeynet, 2021-03-02
195.199.197.226, Honeynet, 2021-03-02
178.62.158.205, Honeynet, 2021-03-02
178.128.10.167, Honeynet, 2021-03-02
192.168.96.2, Honeynet, 2021-03-02
23.205.106.185, Honeynet, 2021-03-02
95.53.247.168, Honeynet, 2021-03-02
209.17.96.122, Honeynet, 2021-03-02
34.95.113.255, Honeynet, 2021-03-02
194.147.140.105, Honeynet, 2021-03-02
172.104.225.238, Honeynet, 2021-03-02
54.38.180.93, Honeynet, 2021-03-02
51.91.125.195, Honeynet, 2021-03-02
49.248.71.122, Honeynet, 2021-03-02
146.56.229.128, Honeynet, 2021-03-02
194.147.140.109, Honeynet, 2021-03-02
194.147.140.20, Honeynet, 2021-03-02
103.125.190.232, Honeynet, 2021-03-02
192.241.226.17, Honeynet, 2021-03-02
132.232.49.143, Honeynet, 2021-03-02
114.67.72.164, Honeynet, 2021-03-02
51.91.10.114, Honeynet, 2021-03-02
210.13.253.248, Honeynet, 2021-03-02
144.126.211.48, Honeynet, 2021-03-02
192.168.224.2, Honeynet, 2021-03-02
185.236.11.6, Honeynet, 2021-03-02
62.4.21.231, Honeynet, 2021-03-02
192.168.192.2, Honeynet, 2021-03-02
45.230.172.90, Honeynet, 2021-03-02
54.37.71.207, Honeynet, 2021-03-02
64.227.81.135, Honeynet, 2021-03-02
182.76.9.122, Honeynet, 2021-03-02
194.147.140.30, Honeynet, 2021-03-02
194.147.140.98, Honeynet, 2021-03-02
62.11.72.232, Honeynet, 2021-03-02
95.246.252.246, Honeynet, 2021-03-02
109.86.83.13, Honeynet, 2021-03-02
51.210.247.67, Honeynet, 2021-03-02
213.233.11.75, Honeynet, 2021-03-02
190.103.182.158, Honeynet, 2021-03-02
209.17.96.90, Honeynet, 2021-03-02
47.57.135.169, Honeynet, 2021-03-02
218.75.110.41, Honeynet, 2021-03-02
104.131.5.123, Honeynet, 2021-03-02
190.202.250.107, Honeynet, 2021-03-02
172.18.0.2, Honeynet, 2021-03-02
213.202.233.194, Honeynet, 2021-03-02
178.79.142.33, Honeynet, 2021-03-02
194.147.140.92, Honeynet, 2021-03-02
65.49.20.101, Honeynet, 2021-03-02
185.202.0.128, Honeynet, 2021-03-02
20.53.160.127, Honeynet, 2021-03-02
51.38.83.164, Honeynet, 2021-03-02
85.14.242.76, Honeynet, 2021-03-02
164.132.73.5, Honeynet, 2021-03-02
187.34.151.46, Honeynet, 2021-03-02
178.62.108.111, Honeynet, 2021-03-02
51.75.140.153, Honeynet, 2021-03-02
96.9.255.140, Honeynet, 2021-03-02
94.232.40.114, Honeynet, 2021-03-02
209.17.96.34, Honeynet, 2021-03-02
52.147.207.103, Honeynet, 2021-03-02
80.82.78.82, Honeynet, 2021-03-02
111.229.234.57, Honeynet, 2021-03-02
189.6.30.178, Honeynet, 2021-03-02
89.179.126.155, Honeynet, 2021-03-02
140.82.113.4, Honeynet, 2021-03-02
125.64.94.141, Honeynet, 2021-03-02
91.205.128.170, Honeynet, 2021-03-02
140.82.114.3, Honeynet, 2021-03-02
213.202.233.93, Honeynet, 2021-03-02
93.203.70.148, Honeynet, 2021-03-02
199.232.130.49, Honeynet, 2021-03-02
106.75.211.166, Honeynet, 2021-03-02
222.244.133.182, Honeynet, 2021-03-02
190.145.12.158, Honeynet, 2021-03-02
222.187.239.31, Honeynet, 2021-03-02
68.183.119.240, Honeynet, 2021-03-02
80.158.38.137, Honeynet, 2021-03-02
194.147.140.32, Honeynet, 2021-03-02
183.232.48.168, Honeynet, 2021-03-02
185.199.110.133, Honeynet, 2021-03-02
140.82.113.3, Honeynet, 2021-03-02
115.114.108.241, Honeynet, 2021-03-02
194.147.140.60, Honeynet, 2021-03-02
209.17.97.34, Honeynet, 2021-03-02
213.202.233.210, Honeynet, 2021-03-02
47.110.61.9, Honeynet, 2021-03-02
52.223.244.38, Honeynet, 2021-03-02
23.205.106.161, Honeynet, 2021-03-02
194.147.140.63, Honeynet, 2021-03-02
194.147.140.27, Honeynet, 2021-03-02
176.31.127.152, Honeynet, 2021-03-02
185.232.67.40, Honeynet, 2021-03-02
103.117.156.54, Honeynet, 2021-03-02
5.182.39.88, Honeynet, 2021-03-02
194.147.140.22, Honeynet, 2021-03-02
194.147.140.21, Honeynet, 2021-03-02
42.231.225.116, Honeynet, 2021-03-02
113.82.197.196, Honeynet, 2021-03-02
192.241.225.135, Honeynet, 2021-03-02
223.71.167.163, Honeynet, 2021-03-02
68.183.36.5, Honeynet, 2021-03-02
209.17.96.114, Honeynet, 2021-03-02
194.147.140.102, Honeynet, 2021-03-02
194.147.140.18, Honeynet, 2021-03-02
71.6.199.23, Honeynet, 2021-03-02
114.7.202.174, Honeynet, 2021-03-02
94.102.51.99, Honeynet, 2021-03-02
84.242.35.58, Honeynet, 2021-03-02
143.110.233.48, Honeynet, 2021-03-02
194.147.140.28, Honeynet, 2021-03-02
157.230.29.28, Honeynet, 2021-03-02
36.26.84.45, Honeynet, 2021-03-02
51.68.230.213, Honeynet, 2021-03-02
81.30.144.115, Honeynet, 2021-03-02
23.21.164.163, Honeynet, 2021-03-02
194.147.140.151, Honeynet, 2021-03-02
194.147.140.24, Honeynet, 2021-03-02
141.98.80.98, Honeynet, 2021-03-02
213.32.91.216, Honeynet, 2021-03-02
194.147.140.107, Honeynet, 2021-03-02
18.214.66.196, Honeynet, 2021-03-02
95.43.61.219, Honeynet, 2021-03-02
51.91.108.57, Honeynet, 2021-03-02
141.98.81.154, Honeynet, 2021-03-02
194.147.140.97, Honeynet, 2021-03-02
106.75.152.83, Honeynet, 2021-03-02
132.232.120.145, Honeynet, 2021-03-02
51.178.29.77, Honeynet, 2021-03-02
185.153.197.146, Honeynet, 2021-03-02
92.60.184.166, Honeynet, 2021-03-02
103.98.152.239, Honeynet, 2021-03-02
151.80.38.48, Honeynet, 2021-03-02
194.147.140.45, Honeynet, 2021-03-02
119.61.0.141, Honeynet, 2021-03-02
103.194.90.70, Honeynet, 2021-03-02
159.65.196.65, Honeynet, 2021-03-02
54.38.56.106, Honeynet, 2021-03-02
54.36.190.245, Honeynet, 2021-03-02
114.205.149.202, Honeynet, 2021-03-02
77.247.108.77, Honeynet, 2021-03-02
194.147.140.62, Honeynet, 2021-03-02
185.176.222.106, Honeynet, 2021-03-02
128.116.235.89, Honeynet, 2021-03-02
128.199.87.139, Honeynet, 2021-03-02
84.38.184.53, Honeynet, 2021-03-02
140.238.244.154, Honeynet, 2021-03-02
72.45.179.75, Honeynet, 2021-03-02
185.216.140.6, Honeynet, 2021-03-02
209.17.97.10, Honeynet, 2021-03-02
172.105.174.117, Honeynet, 2021-03-02
94.20.191.45, Honeynet, 2021-03-02
78.128.113.150, Honeynet, 2021-03-02
15.207.121.104, Honeynet, 2021-03-02
